,danceability,energy,key,loudness,mode,speechiness,acousticness,instrumentalness,liveness,valence,tempo,type,id,uri,track_href,analysis_url,duration_ms,time_signature,track_name,album_name,release_date,album_id
0,0.707,0.795,2,-5.452,1,0.0478,0.00945,9.61e-06,0.0678,0.244,96.996,audio_features,5ikFGOKtCdl9YC2xJh9hho,spotify:track:5ikFGOKtCdl9YC2xJh9hho,https://api.spotify.com/v1/tracks/5ikFGOKtCdl9YC2xJh9hho,https://api.spotify.com/v1/audio-analysis/5ikFGOKtCdl9YC2xJh9hho,225430,4,Yo,Kuantum 51,2024-06-14,7jra0F6rSOJ36HIsTmwFfC
1,0.481,0.723,1,-6.148,1,0.139,0.00608,0.0,0.103,0.778,126.864,audio_features,2AjJOaMegLG5U7CkDzs4Wx,spotify:track:2AjJOaMegLG5U7CkDzs4Wx,https://api.spotify.com/v1/tracks/2AjJOaMegLG5U7CkDzs4Wx,https://api.spotify.com/v1/audio-analysis/2AjJOaMegLG5U7CkDzs4Wx,219283,4,İllallah,Kuantum 51,2024-06-14,7jra0F6rSOJ36HIsTmwFfC
2,0.778,0.865,9,-5.233,0,0.188,0.0587,0.0,0.809,0.631,95.061,audio_features,7p5nZwHTujgtzJW90dr2aV,spotify:track:7p5nZwHTujgtzJW90dr2aV,https://api.spotify.com/v1/tracks/7p5nZwHTujgtzJW90dr2aV,https://api.spotify.com/v1/audio-analysis/7p5nZwHTujgtzJW90dr2aV,178318,4,Olay,Kuantum 51,2024-06-14,7jra0F6rSOJ36HIsTmwFfC
3,0.66,0.854,1,-4.397,0,0.0562,0.153,0.0,0.377,0.553,99.915,audio_features,0tUu5krJnjTs3ebdeHP3uL,spotify:track:0tUu5krJnjTs3ebdeHP3uL,https://api.spotify.com/v1/tracks/0tUu5krJnjTs3ebdeHP3uL,https://api.spotify.com/v1/audio-analysis/0tUu5krJnjTs3ebdeHP3uL,194927,4,Şerbetli,Kuantum 51,2024-06-14,7jra0F6rSOJ36HIsTmwFfC
4,0.699,0.703,2,-5.412,1,0.0376,0.00325,0.000785,0.203,0.721,96.014,audio_features,611rMkMHYTBQ2dYoUubI72,spotify:track:611rMkMHYTBQ2dYoUubI72,https://api.spotify.com/v1/tracks/611rMkMHYTBQ2dYoUubI72,https://api.spotify.com/v1/audio-analysis/611rMkMHYTBQ2dYoUubI72,213974,4,Müteşekkir,Kuantum 51,2024-06-14,7jra0F6rSOJ36HIsTmwFfC
5,0.694,0.783,0,-4.873,0,0.046,0.182,1.93e-06,0.302,0.76,89.997,audio_features,7gZPZBBz0QIWmL9SzXVDr2,spotify:track:7gZPZBBz0QIWmL9SzXVDr2,https://api.spotify.com/v1/tracks/7gZPZBBz0QIWmL9SzXVDr2,https://api.spotify.com/v1/audio-analysis/7gZPZBBz0QIWmL9SzXVDr2,230941,4,Darmaduman,Kuantum 51,2024-06-14,7jra0F6rSOJ36HIsTmwFfC
6,0.812,0.721,1,-6.308,1,0.0723,0.0451,4.98e-06,0.0649,0.834,127.997,audio_features,7fuxikcGdQvTkEhpqMszEl,spotify:track:7fuxikcGdQvTkEhpqMszEl,https://api.spotify.com/v1/tracks/7fuxikcGdQvTkEhpqMszEl,https://api.spotify.com/v1/audio-analysis/7fuxikcGdQvTkEhpqMszEl,167243,4,Ayrılık Töreni,Kuantum 51,2024-06-14,7jra0F6rSOJ36HIsTmwFfC
7,0.736,0.861,7,-5.741,0,0.0408,0.1,0.0,0.177,0.712,91.995,audio_features,4MVAUrmcOYan8fLq3s4lJo,spotify:track:4MVAUrmcOYan8fLq3s4lJo,https://api.spotify.com/v1/tracks/4MVAUrmcOYan8fLq3s4lJo,https://api.spotify.com/v1/audio-analysis/4MVAUrmcOYan8fLq3s4lJo,203957,4,Kalpte Savaş,Kuantum 51,2024-06-14,7jra0F6rSOJ36HIsTmwFfC
8,0.5,0.615,11,-7.766,0,0.0353,0.452,0.0,0.219,0.21,114.893,audio_features,5HyYef5m9Wc5whKWotxIFY,spotify:track:5HyYef5m9Wc5whKWotxIFY,https://api.spotify.com/v1/tracks/5HyYef5m9Wc5whKWotxIFY,https://api.spotify.com/v1/audio-analysis/5HyYef5m9Wc5whKWotxIFY,290164,4,Çınar,Kuantum 51,2024-06-14,7jra0F6rSOJ36HIsTmwFfC
9,0.542,0.823,1,-5.97,0,0.129,0.114,3.63e-06,0.196,0.838,180.009,audio_features,4IlGlHi6WEpzcn3FckNs3u,spotify:track:4IlGlHi6WEpzcn3FckNs3u,https://api.spotify.com/v1/tracks/4IlGlHi6WEpzcn3FckNs3u,https://api.spotify.com/v1/audio-analysis/4IlGlHi6WEpzcn3FckNs3u,196337,4,Enseyi Karartma,Kuantum 51,2024-06-14,7jra0F6rSOJ36HIsTmwFfC
10,0.674,0.587,10,-5.987,0,0.0721,0.0343,3.74e-06,0.235,0.543,130.022,audio_features,4QlGKfjA4QruOMslIhGrHU,spotify:track:4QlGKfjA4QruOMslIhGrHU,https://api.spotify.com/v1/tracks/4QlGKfjA4QruOMslIhGrHU,https://api.spotify.com/v1/audio-analysis/4QlGKfjA4QruOMslIhGrHU,200948,4,Sorma Gitsin,Kuantum 51,2024-06-14,7jra0F6rSOJ36HIsTmwFfC
11,0.436,0.667,4,-6.345,0,0.0665,0.0338,7.94e-06,0.357,0.42,79.113,audio_features,4FvwMVB5UiIarlwnr5lACm,spotify:track:4FvwMVB5UiIarlwnr5lACm,https://api.spotify.com/v1/tracks/4FvwMVB5UiIarlwnr5lACm,https://api.spotify.com/v1/audio-analysis/4FvwMVB5UiIarlwnr5lACm,225588,4,Vatanımsın,Kuantum 51,2024-06-14,7jra0F6rSOJ36HIsTmwFfC
12,0.676,0.913,7,-5.251,1,0.0538,0.00422,2.24e-06,0.0752,0.658,120.002,audio_features,116Gt4SVIeGy1pDoWnKhNv,spotify:track:116Gt4SVIeGy1pDoWnKhNv,https://api.spotify.com/v1/tracks/116Gt4SVIeGy1pDoWnKhNv,https://api.spotify.com/v1/audio-analysis/116Gt4SVIeGy1pDoWnKhNv,285857,4,Yolla,10,2017-06-15,6Mwibfl7sYZCgVr3vmligb
13,0.685,0.838,10,-4.432,0,0.0349,0.000935,3.39e-06,0.226,0.305,102.012,audio_features,24r6X1UwmoFzH6PJ2sBWjz,spotify:track:24r6X1UwmoFzH6PJ2sBWjz,https://api.spotify.com/v1/tracks/24r6X1UwmoFzH6PJ2sBWjz,https://api.spotify.com/v1/audio-analysis/24r6X1UwmoFzH6PJ2sBWjz,252797,4,Çay Simit,10,2017-06-15,6Mwibfl7sYZCgVr3vmligb
14,0.648,0.556,10,-7.474,0,0.0322,0.157,0.0,0.178,0.395,118.011,audio_features,5LGjqcA3cQ4pDU61bsWeKv,spotify:track:5LGjqcA3cQ4pDU61bsWeKv,https://api.spotify.com/v1/tracks/5LGjqcA3cQ4pDU61bsWeKv,https://api.spotify.com/v1/audio-analysis/5LGjqcA3cQ4pDU61bsWeKv,257219,3,Beni Çok Sev,10,2017-06-15,6Mwibfl7sYZCgVr3vmligb
15,0.724,0.754,5,-4.824,0,0.0658,0.000496,0.0,0.114,0.728,140.049,audio_features,6C1bVEAGItpajD7G20TP7V,spotify:track:6C1bVEAGItpajD7G20TP7V,https://api.spotify.com/v1/tracks/6C1bVEAGItpajD7G20TP7V,https://api.spotify.com/v1/audio-analysis/6C1bVEAGItpajD7G20TP7V,231620,4,Ben Senin,10,2017-06-15,6Mwibfl7sYZCgVr3vmligb
16,0.743,0.871,4,-6.087,0,0.0617,0.000986,0.012,0.177,0.57,121.988,audio_features,6ebbA9Sh6eOunW7H7iMjIs,spotify:track:6ebbA9Sh6eOunW7H7iMjIs,https://api.spotify.com/v1/tracks/6ebbA9Sh6eOunW7H7iMjIs,https://api.spotify.com/v1/audio-analysis/6ebbA9Sh6eOunW7H7iMjIs,273307,4,Çok Ağladım,10,2017-06-15,6Mwibfl7sYZCgVr3vmligb
17,0.707,0.641,7,-6.605,0,0.0315,0.0391,1.42e-06,0.143,0.343,110.016,audio_features,5Duwgj7S9FKU20sagj0OYz,spotify:track:5Duwgj7S9FKU20sagj0OYz,https://api.spotify.com/v1/tracks/5Duwgj7S9FKU20sagj0OYz,https://api.spotify.com/v1/audio-analysis/5Duwgj7S9FKU20sagj0OYz,337996,4,Her Şey Fani,10,2017-06-15,6Mwibfl7sYZCgVr3vmligb
18,0.699,0.898,7,-4.477,1,0.0584,0.0147,4.18e-06,0.239,0.568,98.03,audio_features,0hil4gewNlswjxUKVojcxG,spotify:track:0hil4gewNlswjxUKVojcxG,https://api.spotify.com/v1/tracks/0hil4gewNlswjxUKVojcxG,https://api.spotify.com/v1/audio-analysis/0hil4gewNlswjxUKVojcxG,249007,4,Kedi Gibi,10,2017-06-15,6Mwibfl7sYZCgVr3vmligb
19,0.65,0.843,2,-4.93,1,0.0877,0.000873,0.0,0.175,0.672,164.058,audio_features,6sooCbQWJfA1vq5BOl5bGK,spotify:track:6sooCbQWJfA1vq5BOl5bGK,https://api.spotify.com/v1/tracks/6sooCbQWJfA1vq5BOl5bGK,https://api.spotify.com/v1/audio-analysis/6sooCbQWJfA1vq5BOl5bGK,259718,4,Hodri Meydan,10,2017-06-15,6Mwibfl7sYZCgVr3vmligb
20,0.588,0.733,4,-6.733,0,0.0295,0.0249,0.00056,0.407,0.304,90.015,audio_features,18EF9A6zf5MSQcicPLiqBQ,spotify:track:18EF9A6zf5MSQcicPLiqBQ,https://api.spotify.com/v1/tracks/18EF9A6zf5MSQcicPLiqBQ,https://api.spotify.com/v1/audio-analysis/18EF9A6zf5MSQcicPLiqBQ,356534,4,Biz Çocukken,10,2017-06-15,6Mwibfl7sYZCgVr3vmligb
21,0.641,0.768,1,-5.698,0,0.0324,0.00188,0.0,0.113,0.551,135.008,audio_features,36HKnRpIr3RGf6P56Qw7Kd,spotify:track:36HKnRpIr3RGf6P56Qw7Kd,https://api.spotify.com/v1/tracks/36HKnRpIr3RGf6P56Qw7Kd,https://api.spotify.com/v1/audio-analysis/36HKnRpIr3RGf6P56Qw7Kd,254299,4,Bal Küpü,10,2017-06-15,6Mwibfl7sYZCgVr3vmligb
22,0.679,0.713,0,-5.71,0,0.027,0.0562,1.24e-06,0.311,0.647,115.028,audio_features,1aqy692FH9pTQzYOQl8Xzy,spotify:track:1aqy692FH9pTQzYOQl8Xzy,https://api.spotify.com/v1/tracks/1aqy692FH9pTQzYOQl8Xzy,https://api.spotify.com/v1/audio-analysis/1aqy692FH9pTQzYOQl8Xzy,256048,4,Acımasız,10,2017-06-15,6Mwibfl7sYZCgVr3vmligb
23,0.758,0.875,9,-3.709,0,0.0736,0.00812,1.55e-05,0.0472,0.91,115.013,audio_features,4D0W4n4TLb1i4kSjvIa2AN,spotify:track:4D0W4n4TLb1i4kSjvIa2AN,https://api.spotify.com/v1/tracks/4D0W4n4TLb1i4kSjvIa2AN,https://api.spotify.com/v1/audio-analysis/4D0W4n4TLb1i4kSjvIa2AN,280508,4,Sevdam Tek Nefes,10,2017-06-15,6Mwibfl7sYZCgVr3vmligb
24,0.494,0.381,2,-9.526,0,0.0375,0.561,0.0,0.185,0.197,100.888,audio_features,0Qnzztb0bv1L5f5s3k8lwj,spotify:track:0Qnzztb0bv1L5f5s3k8lwj,https://api.spotify.com/v1/tracks/0Qnzztb0bv1L5f5s3k8lwj,https://api.spotify.com/v1/audio-analysis/0Qnzztb0bv1L5f5s3k8lwj,249371,3,O Sevişmeler,10,2017-06-15,6Mwibfl7sYZCgVr3vmligb
25,0.483,0.563,6,-7.955,0,0.0326,0.189,0.0,0.187,0.228,151.845,audio_features,0jqHNoFkdOfrMQdIlc31nA,spotify:track:0jqHNoFkdOfrMQdIlc31nA,https://api.spotify.com/v1/tracks/0jqHNoFkdOfrMQdIlc31nA,https://api.spotify.com/v1/audio-analysis/0jqHNoFkdOfrMQdIlc31nA,296148,4,Affedin Bizi Çocuklar,10,2017-06-15,6Mwibfl7sYZCgVr3vmligb
26,0.481,0.528,0,-6.049,1,0.0299,0.521,0.0,0.367,0.342,127.935,audio_features,6IjMtFCIgnrxE54RDfZOCU,spotify:track:6IjMtFCIgnrxE54RDfZOCU,https://api.spotify.com/v1/tracks/6IjMtFCIgnrxE54RDfZOCU,https://api.spotify.com/v1/audio-analysis/6IjMtFCIgnrxE54RDfZOCU,308403,4,Rindlerin Akşamı - Dönülmez Akşamın Ufkundayız,Ahde Vefa,2016-03-11,767AndGBd6Mlr46C0GYlYK
27,0.507,0.721,0,-5.692,1,0.0283,0.309,0.0,0.315,0.493,108.023,audio_features,1LQmYFGbcIdRDWENKqjsuQ,spotify:track:1LQmYFGbcIdRDWENKqjsuQ,https://api.spotify.com/v1/tracks/1LQmYFGbcIdRDWENKqjsuQ,https://api.spotify.com/v1/audio-analysis/1LQmYFGbcIdRDWENKqjsuQ,203100,5,Olmaz İlaç Sine-i Sad Pareme,Ahde Vefa,2016-03-11,767AndGBd6Mlr46C0GYlYK
28,0.647,0.898,1,-5.045,1,0.0664,0.0292,0.0,0.383,0.507,120.062,audio_features,277zlSIxpePK0xpak3MPBT,spotify:track:277zlSIxpePK0xpak3MPBT,https://api.spotify.com/v1/tracks/277zlSIxpePK0xpak3MPBT,https://api.spotify.com/v1/audio-analysis/277zlSIxpePK0xpak3MPBT,209996,4,Söyleme Bilmesinler,Ahde Vefa,2016-03-11,767AndGBd6Mlr46C0GYlYK
29,0.483,0.707,10,-5.569,0,0.0321,0.18,2.68e-06,0.345,0.447,90.989,audio_features,7qfuJ2DGAKi553vlDO99Vu,spotify:track:7qfuJ2DGAKi553vlDO99Vu,https://api.spotify.com/v1/tracks/7qfuJ2DGAKi553vlDO99Vu,https://api.spotify.com/v1/audio-analysis/7qfuJ2DGAKi553vlDO99Vu,192098,4,Enginde Yavaş Yavaş,Ahde Vefa,2016-03-11,767AndGBd6Mlr46C0GYlYK
30,0.366,0.749,10,-4.651,0,0.0499,0.0683,0.0,0.128,0.401,162.791,audio_features,5CetU52YM4c08oy3n1mxOA,spotify:track:5CetU52YM4c08oy3n1mxOA,https://api.spotify.com/v1/tracks/5CetU52YM4c08oy3n1mxOA,https://api.spotify.com/v1/audio-analysis/5CetU52YM4c08oy3n1mxOA,294863,3,Nasıl Geçti Habersiz,Ahde Vefa,2016-03-11,767AndGBd6Mlr46C0GYlYK
31,0.655,0.943,9,-5.759,0,0.0606,0.00226,4.54e-05,0.18,0.471,133.059,audio_features,2cID16MofSZmVdJuTP22c8,spotify:track:2cID16MofSZmVdJuTP22c8,https://api.spotify.com/v1/tracks/2cID16MofSZmVdJuTP22c8,https://api.spotify.com/v1/audio-analysis/2cID16MofSZmVdJuTP22c8,210874,4,Kadehinde Zehir Olsa,Ahde Vefa,2016-03-11,767AndGBd6Mlr46C0GYlYK
32,0.409,0.725,9,-5.49,0,0.0426,0.1,0.0,0.447,0.446,153.669,audio_features,5DK1BbBdGfRm3e3OaP9MtD,spotify:track:5DK1BbBdGfRm3e3OaP9MtD,https://api.spotify.com/v1/tracks/5DK1BbBdGfRm3e3OaP9MtD,https://api.spotify.com/v1/audio-analysis/5DK1BbBdGfRm3e3OaP9MtD,218065,3,Veda Busesi,Ahde Vefa,2016-03-11,767AndGBd6Mlr46C0GYlYK
33,0.367,0.702,3,-5.253,1,0.041,0.221,0.0,0.384,0.448,159.731,audio_features,6r231K5aUDv5tiA1dXYa3r,spotify:track:6r231K5aUDv5tiA1dXYa3r,https://api.spotify.com/v1/tracks/6r231K5aUDv5tiA1dXYa3r,https://api.spotify.com/v1/audio-analysis/6r231K5aUDv5tiA1dXYa3r,234932,5,Sevmekten Kim Usanır,Ahde Vefa,2016-03-11,767AndGBd6Mlr46C0GYlYK
34,0.554,0.869,10,-6.347,0,0.0508,0.0151,0.0,0.377,0.771,144.897,audio_features,20R2HHdOWhgEcvhu7xcBDH,spotify:track:20R2HHdOWhgEcvhu7xcBDH,https://api.spotify.com/v1/tracks/20R2HHdOWhgEcvhu7xcBDH,https://api.spotify.com/v1/audio-analysis/20R2HHdOWhgEcvhu7xcBDH,270211,3,Aşk Bu Değil mi,Ahde Vefa,2016-03-11,767AndGBd6Mlr46C0GYlYK
35,0.642,0.856,3,-6.001,1,0.0526,0.234,3.25e-05,0.16,0.59,108.109,audio_features,2eHNLDLeFcHmd6vu8t3XWg,spotify:track:2eHNLDLeFcHmd6vu8t3XWg,https://api.spotify.com/v1/tracks/2eHNLDLeFcHmd6vu8t3XWg,https://api.spotify.com/v1/audio-analysis/2eHNLDLeFcHmd6vu8t3XWg,225103,4,Islak Daha Islak Öp Beni,Ahde Vefa,2016-03-11,767AndGBd6Mlr46C0GYlYK
36,0.569,0.641,1,-6.56,1,0.035,0.354,0.000137,0.297,0.276,121.903,audio_features,2YWHanCmJIIwX33UgZhrnq,spotify:track:2YWHanCmJIIwX33UgZhrnq,https://api.spotify.com/v1/tracks/2YWHanCmJIIwX33UgZhrnq,https://api.spotify.com/v1/audio-analysis/2YWHanCmJIIwX33UgZhrnq,176808,4,Akşam Oldu Hüzünlendim Ben Yine,Ahde Vefa,2016-03-11,767AndGBd6Mlr46C0GYlYK
37,0.657,0.855,8,-5.868,0,0.0479,0.0814,0.0,0.366,0.613,90.008,audio_features,1Tk0S8MRmeAtXryY9uWwdE,spotify:track:1Tk0S8MRmeAtXryY9uWwdE,https://api.spotify.com/v1/tracks/1Tk0S8MRmeAtXryY9uWwdE,https://api.spotify.com/v1/audio-analysis/1Tk0S8MRmeAtXryY9uWwdE,199362,4,Zeytin Gözlüm,Ahde Vefa,2016-03-11,767AndGBd6Mlr46C0GYlYK
38,0.453,0.939,1,-4.89,1,0.248,0.00637,2.89e-05,0.922,0.49,154.01,audio_features,5nHNoRq8Y6ftaqWowjIaf8,spotify:track:5nHNoRq8Y6ftaqWowjIaf8,https://api.spotify.com/v1/tracks/5nHNoRq8Y6ftaqWowjIaf8,https://api.spotify.com/v1/audio-analysis/5nHNoRq8Y6ftaqWowjIaf8,243968,3,Kara Bulutları Kaldır Aradan,Ahde Vefa,2016-03-11,767AndGBd6Mlr46C0GYlYK
39,0.695,0.898,4,-3.601,0,0.0486,0.0244,0.0,0.278,0.608,129.988,audio_features,435jLWpa59gZju0ls9wUW6,spotify:track:435jLWpa59gZju0ls9wUW6,https://api.spotify.com/v1/tracks/435jLWpa59gZju0ls9wUW6,https://api.spotify.com/v1/audio-analysis/435jLWpa59gZju0ls9wUW6,307252,4,Sevdanın Son Vuruşu,Adımı Kalbine Yaz,2010-07-12,402pJl8YIMRu8gdvtPSKBR
40,0.736,0.802,0,-3.653,1,0.191,0.187,0.0,0.0747,0.769,123.02,audio_features,0HkUwb2pX7RiBuWp1hhbhH,spotify:track:0HkUwb2pX7RiBuWp1hhbhH,https://api.spotify.com/v1/tracks/0HkUwb2pX7RiBuWp1hhbhH,https://api.spotify.com/v1/audio-analysis/0HkUwb2pX7RiBuWp1hhbhH,271047,4,Acımayacak,Adımı Kalbine Yaz,2010-07-12,402pJl8YIMRu8gdvtPSKBR
41,0.668,0.799,5,-6.815,0,0.0361,0.251,1.17e-06,0.216,0.638,93.018,audio_features,1eEDk34w7rv598OaB60BCJ,spotify:track:1eEDk34w7rv598OaB60BCJ,https://api.spotify.com/v1/tracks/1eEDk34w7rv598OaB60BCJ,https://api.spotify.com/v1/audio-analysis/1eEDk34w7rv598OaB60BCJ,255660,4,İşim Olmaz,Adımı Kalbine Yaz,2010-07-12,402pJl8YIMRu8gdvtPSKBR
42,0.625,0.851,11,-5.568,0,0.118,0.167,0.0,0.0859,0.694,157.983,audio_features,28HfMGS4q1b1KnkvOV49uz,spotify:track:28HfMGS4q1b1KnkvOV49uz,https://api.spotify.com/v1/tracks/28HfMGS4q1b1KnkvOV49uz,https://api.spotify.com/v1/audio-analysis/28HfMGS4q1b1KnkvOV49uz,297247,4,Kayıp,Adımı Kalbine Yaz,2010-07-12,402pJl8YIMRu8gdvtPSKBR
43,0.783,0.749,1,-4.348,1,0.114,0.0393,0.0,0.0523,0.801,129.98,audio_features,0OFivfe4fC4QR20TzMVbfM,spotify:track:0OFivfe4fC4QR20TzMVbfM,https://api.spotify.com/v1/tracks/0OFivfe4fC4QR20TzMVbfM,https://api.spotify.com/v1/audio-analysis/0OFivfe4fC4QR20TzMVbfM,227187,4,Öp,Adımı Kalbine Yaz,2010-07-12,402pJl8YIMRu8gdvtPSKBR
44,0.745,0.913,6,-3.362,0,0.0494,0.449,0.0,0.586,0.759,118.032,audio_features,4gXX2ayvtMf4Tc5DCSHFTH,spotify:track:4gXX2ayvtMf4Tc5DCSHFTH,https://api.spotify.com/v1/tracks/4gXX2ayvtMf4Tc5DCSHFTH,https://api.spotify.com/v1/audio-analysis/4gXX2ayvtMf4Tc5DCSHFTH,312268,4,Adımı Kalbine Yaz,Adımı Kalbine Yaz,2010-07-12,402pJl8YIMRu8gdvtPSKBR
45,0.772,0.454,0,-8.53,1,0.0985,0.0448,0.00942,0.101,0.521,100.011,audio_features,761pcUFqyEwCzOS5k4v14m,spotify:track:761pcUFqyEwCzOS5k4v14m,https://api.spotify.com/v1/tracks/761pcUFqyEwCzOS5k4v14m,https://api.spotify.com/v1/audio-analysis/761pcUFqyEwCzOS5k4v14m,265247,4,Sen Çoktan Gitmişsin,Adımı Kalbine Yaz,2010-07-12,402pJl8YIMRu8gdvtPSKBR
46,0.71,0.754,9,-7.355,1,0.0544,0.0368,0.00284,0.0888,0.509,103.004,audio_features,4GhnxwYwBwwTTCEUPeiRTg,spotify:track:4GhnxwYwBwwTTCEUPeiRTg,https://api.spotify.com/v1/tracks/4GhnxwYwBwwTTCEUPeiRTg,https://api.spotify.com/v1/audio-analysis/4GhnxwYwBwwTTCEUPeiRTg,208379,4,Usta - Çırak,Adımı Kalbine Yaz,2010-07-12,402pJl8YIMRu8gdvtPSKBR
47,0.672,0.85,11,-4.982,0,0.0847,0.0207,0.00189,0.0879,0.311,128.001,audio_features,2IZ2OlQnVcjVoRAv0Ze1xr,spotify:track:2IZ2OlQnVcjVoRAv0Ze1xr,https://api.spotify.com/v1/tracks/2IZ2OlQnVcjVoRAv0Ze1xr,https://api.spotify.com/v1/audio-analysis/2IZ2OlQnVcjVoRAv0Ze1xr,298710,4,Acımayacak - Gürcell Club Mix,Adımı Kalbine Yaz,2010-07-12,402pJl8YIMRu8gdvtPSKBR
48,0.688,0.942,6,-3.551,0,0.0659,0.0792,1.35e-06,0.307,0.732,125.017,audio_features,61un8jkud8zGn0NLYmIG8f,spotify:track:61un8jkud8zGn0NLYmIG8f,https://api.spotify.com/v1/tracks/61un8jkud8zGn0NLYmIG8f,https://api.spotify.com/v1/audio-analysis/61un8jkud8zGn0NLYmIG8f,261329,4,Adımı Kalbine Yaz - Ozinga Club Mix,Adımı Kalbine Yaz,2010-07-12,402pJl8YIMRu8gdvtPSKBR
49,0.66,0.796,4,-4.359,0,0.0421,0.0847,0.000407,0.334,0.665,130.02,audio_features,739L0a95AUMhEJ0SoCZPtG,spotify:track:739L0a95AUMhEJ0SoCZPtG,https://api.spotify.com/v1/tracks/739L0a95AUMhEJ0SoCZPtG,https://api.spotify.com/v1/audio-analysis/739L0a95AUMhEJ0SoCZPtG,320522,4,Sevdanın Son Vuruşu - Suat Ateşdağlı Mix,Adımı Kalbine Yaz,2010-07-12,402pJl8YIMRu8gdvtPSKBR
50,0.708,0.856,5,-3.33,0,0.063,0.0439,5.03e-06,0.22,0.439,130.017,audio_features,7xdSog7XmHxBZQuKOBjV25,spotify:track:7xdSog7XmHxBZQuKOBjV25,https://api.spotify.com/v1/tracks/7xdSog7XmHxBZQuKOBjV25,https://api.spotify.com/v1/audio-analysis/7xdSog7XmHxBZQuKOBjV25,307409,4,Öp - Gürcell Club Mix,Adımı Kalbine Yaz,2010-07-12,402pJl8YIMRu8gdvtPSKBR
51,0.696,0.898,4,-4.519,0,0.0577,0.00407,0.329,0.346,0.6,130.002,audio_features,2Mxs1zELpPpt4O6eTtfE0c,spotify:track:2Mxs1zELpPpt4O6eTtfE0c,https://api.spotify.com/v1/tracks/2Mxs1zELpPpt4O6eTtfE0c,https://api.spotify.com/v1/audio-analysis/2Mxs1zELpPpt4O6eTtfE0c,583497,4,Sevdanın Son Vuruşu - Kivanch K Mix,Adımı Kalbine Yaz,2010-07-12,402pJl8YIMRu8gdvtPSKBR
52,0.551,0.829,4,-7.306,0,0.0696,0.000291,0.146,0.111,0.293,137.999,audio_features,4q4lOjPiDZVgQj0lDTI2po,spotify:track:4q4lOjPiDZVgQj0lDTI2po,https://api.spotify.com/v1/tracks/4q4lOjPiDZVgQj0lDTI2po,https://api.spotify.com/v1/audio-analysis/4q4lOjPiDZVgQj0lDTI2po,691096,4,Pare Pare - Tiesto Remix,Metamorfoz Remixes,2008-07-28,3kfxGMNTGXj2rUm1x015FC
53,0.766,0.722,3,-7.581,0,0.0424,0.000199,0.463,0.127,0.218,128.004,audio_features,5xdN2Bx201VvAWgByFdoXf,spotify:track:5xdN2Bx201VvAWgByFdoXf,https://api.spotify.com/v1/tracks/5xdN2Bx201VvAWgByFdoXf,https://api.spotify.com/v1/audio-analysis/5xdN2Bx201VvAWgByFdoXf,349283,4,Vay Anam Vay - Electrofied Remix,Metamorfoz Remixes,2008-07-28,3kfxGMNTGXj2rUm1x015FC
54,0.665,0.994,3,-3.825,0,0.0561,0.00884,0.000997,0.321,0.882,125.003,audio_features,3xU3ukt7PNp3cnPeAddyEd,spotify:track:3xU3ukt7PNp3cnPeAddyEd,https://api.spotify.com/v1/tracks/3xU3ukt7PNp3cnPeAddyEd,https://api.spotify.com/v1/audio-analysis/3xU3ukt7PNp3cnPeAddyEd,250018,4,Arada Bir - Be Funkee Remix,Metamorfoz Remixes,2008-07-28,3kfxGMNTGXj2rUm1x015FC
55,0.654,0.793,10,-5.013,0,0.0383,0.00148,0.0237,0.339,0.686,135.002,audio_features,51CekKOB0DU3idtVu6kA5Z,spotify:track:51CekKOB0DU3idtVu6kA5Z,https://api.spotify.com/v1/tracks/51CekKOB0DU3idtVu6kA5Z,https://api.spotify.com/v1/audio-analysis/51CekKOB0DU3idtVu6kA5Z,293642,4,İstanbul Ağlıyor - Hökenek Remix,Metamorfoz Remixes,2008-07-28,3kfxGMNTGXj2rUm1x015FC
56,0.718,0.88,8,-5.228,1,0.0992,0.105,0.000111,0.0716,0.719,99.983,audio_features,2h4E9s0dK2SvC2jOJwjhlz,spotify:track:2h4E9s0dK2SvC2jOJwjhlz,https://api.spotify.com/v1/tracks/2h4E9s0dK2SvC2jOJwjhlz,https://api.spotify.com/v1/audio-analysis/2h4E9s0dK2SvC2jOJwjhlz,288784,4,Dilli Düdük - Remix,Metamorfoz Remixes,2008-07-28,3kfxGMNTGXj2rUm1x015FC
57,0.738,0.886,8,-5.315,0,0.0359,0.00442,0.00256,0.0779,0.885,124.98,audio_features,4pBidDFd0zZUWnG7BECQ2F,spotify:track:4pBidDFd0zZUWnG7BECQ2F,https://api.spotify.com/v1/tracks/4pBidDFd0zZUWnG7BECQ2F,https://api.spotify.com/v1/audio-analysis/4pBidDFd0zZUWnG7BECQ2F,276454,4,Vay Anam Vay - Remix,Metamorfoz Remixes,2008-07-28,3kfxGMNTGXj2rUm1x015FC
58,0.663,0.859,7,-5.615,0,0.054,0.0588,0.00199,0.161,0.558,95.986,audio_features,2B8xCsU7Am3Jcdre0PeADt,spotify:track:2B8xCsU7Am3Jcdre0PeADt,https://api.spotify.com/v1/tracks/2B8xCsU7Am3Jcdre0PeADt,https://api.spotify.com/v1/audio-analysis/2B8xCsU7Am3Jcdre0PeADt,254171,4,Dedikodu - Remix,Metamorfoz Remixes,2008-07-28,3kfxGMNTGXj2rUm1x015FC
59,0.723,0.94,10,-5.681,0,0.0447,0.00404,0.531,0.127,0.74,125.0,audio_features,6ysDO7ng4AxPWShskQPLHA,spotify:track:6ysDO7ng4AxPWShskQPLHA,https://api.spotify.com/v1/tracks/6ysDO7ng4AxPWShskQPLHA,https://api.spotify.com/v1/audio-analysis/6ysDO7ng4AxPWShskQPLHA,293721,4,Arada Bir - Ozinga Remix,Metamorfoz Remixes,2008-07-28,3kfxGMNTGXj2rUm1x015FC
60,0.687,0.916,6,-4.901,0,0.0416,0.00261,0.0472,0.0702,0.425,127.947,audio_features,0MrJDYFlXYcpyLJAqhTvrt,spotify:track:0MrJDYFlXYcpyLJAqhTvrt,https://api.spotify.com/v1/tracks/0MrJDYFlXYcpyLJAqhTvrt,https://api.spotify.com/v1/audio-analysis/0MrJDYFlXYcpyLJAqhTvrt,237009,4,Vay Anam Vay - Gürcell Remix,Metamorfoz Remixes,2008-07-28,3kfxGMNTGXj2rUm1x015FC
61,0.873,0.76,4,-6.33,0,0.102,0.0207,0.00435,0.0401,0.936,119.998,audio_features,4tcCFGeOFxcZuwIeP8FqnH,spotify:track:4tcCFGeOFxcZuwIeP8FqnH,https://api.spotify.com/v1/tracks/4tcCFGeOFxcZuwIeP8FqnH,https://api.spotify.com/v1/audio-analysis/4tcCFGeOFxcZuwIeP8FqnH,266580,4,Çat Kapı - Hökenek Remix,Metamorfoz Remixes,2008-07-28,3kfxGMNTGXj2rUm1x015FC
62,0.756,0.907,7,-8.269,1,0.0929,0.00462,0.026,0.0743,0.569,100.014,audio_features,0841I5PgmrTF3JcN7HQ5yc,spotify:track:0841I5PgmrTF3JcN7HQ5yc,https://api.spotify.com/v1/tracks/0841I5PgmrTF3JcN7HQ5yc,https://api.spotify.com/v1/audio-analysis/0841I5PgmrTF3JcN7HQ5yc,324127,4,Hop Hop - Kıvanç K Gangsta Remix,Metamorfoz Remixes,2008-07-28,3kfxGMNTGXj2rUm1x015FC
63,0.753,0.793,6,-7.727,0,0.0345,0.00309,0.0447,0.109,0.797,127.995,audio_features,5dFhnNBUi2Mlk6Dy1rfhoU,spotify:track:5dFhnNBUi2Mlk6Dy1rfhoU,https://api.spotify.com/v1/tracks/5dFhnNBUi2Mlk6Dy1rfhoU,https://api.spotify.com/v1/audio-analysis/5dFhnNBUi2Mlk6Dy1rfhoU,311824,4,Vay Anam Vay - Elektherock Remix,Metamorfoz Remixes,2008-07-28,3kfxGMNTGXj2rUm1x015FC
64,0.675,0.664,3,-8.154,0,0.0503,0.393,0.000243,0.112,0.556,79.992,audio_features,4N70o5uwq8GMasoGJab0rS,spotify:track:4N70o5uwq8GMasoGJab0rS,https://api.spotify.com/v1/tracks/4N70o5uwq8GMasoGJab0rS,https://api.spotify.com/v1/audio-analysis/4N70o5uwq8GMasoGJab0rS,264333,4,İstanbul Ağlıyor - Remix,Metamorfoz Remixes,2008-07-28,3kfxGMNTGXj2rUm1x015FC
65,0.819,0.747,8,-7.031,1,0.061,0.155,1.05e-06,0.439,0.964,125.003,audio_features,3fjYuKRu0Wtyh2bnfSRaxk,spotify:track:3fjYuKRu0Wtyh2bnfSRaxk,https://api.spotify.com/v1/tracks/3fjYuKRu0Wtyh2bnfSRaxk,https://api.spotify.com/v1/audio-analysis/3fjYuKRu0Wtyh2bnfSRaxk,244663,4,Vay Anam Vay,Metamorfoz,2007-08-23,22wwFWg1KZyOwEcTlsbDx8
66,0.816,0.929,1,-3.81,1,0.0896,0.0795,1.04e-05,0.109,0.807,100.008,audio_features,6waaMbb3rLvQoXefbPzdsm,spotify:track:6waaMbb3rLvQoXefbPzdsm,https://api.spotify.com/v1/tracks/6waaMbb3rLvQoXefbPzdsm,https://api.spotify.com/v1/audio-analysis/6waaMbb3rLvQoXefbPzdsm,220265,4,Dilli Düdük,Metamorfoz,2007-08-23,22wwFWg1KZyOwEcTlsbDx8
67,0.907,0.753,6,-6.663,1,0.0871,0.18,0.000215,0.0992,0.965,113.013,audio_features,5mUPKnEYPQh3IItoJVBeS7,spotify:track:5mUPKnEYPQh3IItoJVBeS7,https://api.spotify.com/v1/tracks/5mUPKnEYPQh3IItoJVBeS7,https://api.spotify.com/v1/audio-analysis/5mUPKnEYPQh3IItoJVBeS7,249731,4,Arada Bir,Metamorfoz,2007-08-23,22wwFWg1KZyOwEcTlsbDx8
68,0.571,0.594,10,-9.452,0,0.0572,0.576,9.51e-05,0.0994,0.397,79.956,audio_features,4ys98L1wnZkQU5HOpd0Mba,spotify:track:4ys98L1wnZkQU5HOpd0Mba,https://api.spotify.com/v1/tracks/4ys98L1wnZkQU5HOpd0Mba,https://api.spotify.com/v1/audio-analysis/4ys98L1wnZkQU5HOpd0Mba,289515,4,İstanbul Ağlıyor,Metamorfoz,2007-08-23,22wwFWg1KZyOwEcTlsbDx8
69,0.853,0.751,1,-7.132,1,0.114,0.0931,4.11e-05,0.315,0.858,100.015,audio_features,3YBEfgXA66w3THH5jvyiPm,spotify:track:3YBEfgXA66w3THH5jvyiPm,https://api.spotify.com/v1/tracks/3YBEfgXA66w3THH5jvyiPm,https://api.spotify.com/v1/audio-analysis/3YBEfgXA66w3THH5jvyiPm,262661,4,Hop Hop,Metamorfoz,2007-08-23,22wwFWg1KZyOwEcTlsbDx8
70,0.682,0.858,2,-7.341,1,0.275,0.137,0.0,0.0452,0.773,167.998,audio_features,5o3CetygTBYcwIT5N7Qk1x,spotify:track:5o3CetygTBYcwIT5N7Qk1x,https://api.spotify.com/v1/tracks/5o3CetygTBYcwIT5N7Qk1x,https://api.spotify.com/v1/audio-analysis/5o3CetygTBYcwIT5N7Qk1x,260807,4,Dedikodu,Metamorfoz,2007-08-23,22wwFWg1KZyOwEcTlsbDx8
71,0.639,0.843,2,-5.824,0,0.0392,0.317,6.05e-05,0.0858,0.792,86.006,audio_features,7Jxm6O3XvsahzoaDq3vEg4,spotify:track:7Jxm6O3XvsahzoaDq3vEg4,https://api.spotify.com/v1/tracks/7Jxm6O3XvsahzoaDq3vEg4,https://api.spotify.com/v1/audio-analysis/7Jxm6O3XvsahzoaDq3vEg4,275749,4,Bam Telli,Metamorfoz,2007-08-23,22wwFWg1KZyOwEcTlsbDx8
72,0.733,0.76,7,-6.418,0,0.0698,0.0633,0.00229,0.118,0.705,85.01,audio_features,2xNdnROwhmGdKGEi1dss7o,spotify:track:2xNdnROwhmGdKGEi1dss7o,https://api.spotify.com/v1/tracks/2xNdnROwhmGdKGEi1dss7o,https://api.spotify.com/v1/audio-analysis/2xNdnROwhmGdKGEi1dss7o,298919,4,Gün Gibi,Metamorfoz,2007-08-23,22wwFWg1KZyOwEcTlsbDx8
73,0.682,0.86,11,-4.417,0,0.0365,0.0147,0.00019,0.0923,0.881,124.984,audio_features,1v83xksWHNnqVkrC8nnlh9,spotify:track:1v83xksWHNnqVkrC8nnlh9,https://api.spotify.com/v1/tracks/1v83xksWHNnqVkrC8nnlh9,https://api.spotify.com/v1/audio-analysis/1v83xksWHNnqVkrC8nnlh9,216686,4,Çat Kapı,Metamorfoz,2007-08-23,22wwFWg1KZyOwEcTlsbDx8
74,0.602,0.629,11,-8.149,0,0.0371,0.487,0.000115,0.086,0.38,157.994,audio_features,0KRZ599Ibhp8vomubePQXf,spotify:track:0KRZ599Ibhp8vomubePQXf,https://api.spotify.com/v1/tracks/0KRZ599Ibhp8vomubePQXf,https://api.spotify.com/v1/audio-analysis/0KRZ599Ibhp8vomubePQXf,315794,4,Pare Pare,Metamorfoz,2007-08-23,22wwFWg1KZyOwEcTlsbDx8
75,0.856,0.889,1,-5.249,1,0.0457,0.0213,7.24e-05,0.407,0.936,110.005,audio_features,3RfNvnfHBJdpxPGaCQBCuM,spotify:track:3RfNvnfHBJdpxPGaCQBCuM,https://api.spotify.com/v1/tracks/3RfNvnfHBJdpxPGaCQBCuM,https://api.spotify.com/v1/audio-analysis/3RfNvnfHBJdpxPGaCQBCuM,220369,4,Just Like That,Come Closer,2006-04-06,4tdtDZzMY5ABXKSq4nVYNY
76,0.805,0.723,5,-8.449,1,0.0619,0.091,0.00134,0.137,0.893,105.007,audio_features,3zT5aRPWn9KOUtMJImp2rk,spotify:track:3zT5aRPWn9KOUtMJImp2rk,https://api.spotify.com/v1/tracks/3zT5aRPWn9KOUtMJImp2rk,https://api.spotify.com/v1/audio-analysis/3zT5aRPWn9KOUtMJImp2rk,216268,4,In Your Eyes,Come Closer,2006-04-06,4tdtDZzMY5ABXKSq4nVYNY
77,0.764,0.884,10,-5.956,0,0.0699,0.0721,0.0,0.303,0.831,108.104,audio_features,0oWeIQU0hBHleOd7TApGUo,spotify:track:0oWeIQU0hBHleOd7TApGUo,https://api.spotify.com/v1/tracks/0oWeIQU0hBHleOd7TApGUo,https://api.spotify.com/v1/audio-analysis/0oWeIQU0hBHleOd7TApGUo,230661,4,Why Don't We - Aman Aman,Come Closer,2006-04-06,4tdtDZzMY5ABXKSq4nVYNY
78,0.723,0.823,7,-6.484,1,0.0696,0.0405,0.000235,0.0436,0.898,99.017,audio_features,5bUU16tJPiRQIw84HYSGxJ,spotify:track:5bUU16tJPiRQIw84HYSGxJ,https://api.spotify.com/v1/tracks/5bUU16tJPiRQIw84HYSGxJ,https://api.spotify.com/v1/audio-analysis/5bUU16tJPiRQIw84HYSGxJ,202005,4,Mine,Come Closer,2006-04-06,4tdtDZzMY5ABXKSq4nVYNY
79,0.736,0.673,7,-9.314,0,0.0665,0.207,0.00072,0.274,0.714,97.001,audio_features,7jFoAFYC3nLix3YU96usOo,spotify:track:7jFoAFYC3nLix3YU96usOo,https://api.spotify.com/v1/tracks/7jFoAFYC3nLix3YU96usOo,https://api.spotify.com/v1/audio-analysis/7jFoAFYC3nLix3YU96usOo,264385,4,Over,Come Closer,2006-04-06,4tdtDZzMY5ABXKSq4nVYNY
80,0.746,0.879,11,-6.204,0,0.0819,0.0187,5.02e-06,0.0869,0.572,104.987,audio_features,1roee4GQ1z6t9uYSBZcyzx,spotify:track:1roee4GQ1z6t9uYSBZcyzx,https://api.spotify.com/v1/tracks/1roee4GQ1z6t9uYSBZcyzx,https://api.spotify.com/v1/audio-analysis/1roee4GQ1z6t9uYSBZcyzx,207987,4,Start the Fire,Come Closer,2006-04-06,4tdtDZzMY5ABXKSq4nVYNY
81,0.696,0.86,10,-6.085,0,0.076,0.0907,0.0,0.125,0.663,99.984,audio_features,5WblKjxH2EAjWATSkHrYWF,spotify:track:5WblKjxH2EAjWATSkHrYWF,https://api.spotify.com/v1/tracks/5WblKjxH2EAjWATSkHrYWF,https://api.spotify.com/v1/audio-analysis/5WblKjxH2EAjWATSkHrYWF,214491,4,Shhh,Come Closer,2006-04-06,4tdtDZzMY5ABXKSq4nVYNY
82,0.575,0.869,2,-5.721,1,0.0821,0.156,2.06e-06,0.313,0.789,178.986,audio_features,0HrI8fKPO8mKjTdzk8jMQa,spotify:track:0HrI8fKPO8mKjTdzk8jMQa,https://api.spotify.com/v1/tracks/0HrI8fKPO8mKjTdzk8jMQa,https://api.spotify.com/v1/audio-analysis/0HrI8fKPO8mKjTdzk8jMQa,225411,4,Bounce,Come Closer,2006-04-06,4tdtDZzMY5ABXKSq4nVYNY
83,0.604,0.784,4,-7.666,0,0.0326,0.0184,0.0447,0.336,0.217,89.989,audio_features,2yZSni1GDpBjbCugTK4pLn,spotify:track:2yZSni1GDpBjbCugTK4pLn,https://api.spotify.com/v1/tracks/2yZSni1GDpBjbCugTK4pLn,https://api.spotify.com/v1/audio-analysis/2yZSni1GDpBjbCugTK4pLn,259527,4,Come Closer,Come Closer,2006-04-06,4tdtDZzMY5ABXKSq4nVYNY
84,0.724,0.723,0,-6.82,1,0.0296,0.00633,4.6e-06,0.341,0.927,122.99,audio_features,79Ya8HJIlQuNxh10Emq2VN,spotify:track:79Ya8HJIlQuNxh10Emq2VN,https://api.spotify.com/v1/tracks/79Ya8HJIlQuNxh10Emq2VN,https://api.spotify.com/v1/audio-analysis/79Ya8HJIlQuNxh10Emq2VN,243670,4,Don't Leave Me Alone,Come Closer,2006-04-06,4tdtDZzMY5ABXKSq4nVYNY
85,0.744,0.505,11,-5.682,0,0.199,0.0611,0.0,0.249,0.467,92.002,audio_features,1TrLgOhjk60f30Kg7VjGSi,spotify:track:1TrLgOhjk60f30Kg7VjGSi,https://api.spotify.com/v1/tracks/1TrLgOhjk60f30Kg7VjGSi,https://api.spotify.com/v1/audio-analysis/1TrLgOhjk60f30Kg7VjGSi,237479,4,Shikidim,Come Closer,2006-04-06,4tdtDZzMY5ABXKSq4nVYNY
86,0.825,0.857,2,-5.641,1,0.109,0.142,0.0,0.236,0.881,119.997,audio_features,2zJ7dqrHltHiHB6DFmwnlR,spotify:track:2zJ7dqrHltHiHB6DFmwnlR,https://api.spotify.com/v1/tracks/2zJ7dqrHltHiHB6DFmwnlR,https://api.spotify.com/v1/audio-analysis/2zJ7dqrHltHiHB6DFmwnlR,235729,4,I'm Gonna Make You Feel Good,Come Closer,2006-04-06,4tdtDZzMY5ABXKSq4nVYNY
87,0.776,0.788,2,-7.362,1,0.0761,0.0328,0.0,0.144,0.862,88.104,audio_features,69TXNKGEj7vHQJU4iaB0ON,spotify:track:69TXNKGEj7vHQJU4iaB0ON,https://api.spotify.com/v1/tracks/69TXNKGEj7vHQJU4iaB0ON,https://api.spotify.com/v1/audio-analysis/69TXNKGEj7vHQJU4iaB0ON,250149,4,Mass Confusion,Come Closer,2006-04-06,4tdtDZzMY5ABXKSq4nVYNY
88,0.782,0.771,7,-7.516,0,0.0266,0.0646,1.52e-05,0.109,0.848,112.007,audio_features,2nROCKw9sfPOuYq0NHj2lL,spotify:track:2nROCKw9sfPOuYq0NHj2lL,https://api.spotify.com/v1/tracks/2nROCKw9sfPOuYq0NHj2lL,https://api.spotify.com/v1/audio-analysis/2nROCKw9sfPOuYq0NHj2lL,259056,4,Touch,Come Closer,2006-04-06,4tdtDZzMY5ABXKSq4nVYNY
89,0.541,0.338,9,-10.566,0,0.0298,0.678,0.0,0.0981,0.223,111.694,audio_features,3SgzgEg5m2Py33gPbMCWZl,spotify:track:3SgzgEg5m2Py33gPbMCWZl,https://api.spotify.com/v1/tracks/3SgzgEg5m2Py33gPbMCWZl,https://api.spotify.com/v1/audio-analysis/3SgzgEg5m2Py33gPbMCWZl,203938,3,If Only You Knew,Come Closer,2006-04-06,4tdtDZzMY5ABXKSq4nVYNY
90,0.597,0.832,2,-5.833,1,0.112,0.063,1.87e-05,0.21,0.709,179.087,audio_features,2PzILjPsqUGf0U5LNQGKK2,spotify:track:2PzILjPsqUGf0U5LNQGKK2,https://api.spotify.com/v1/tracks/2PzILjPsqUGf0U5LNQGKK2,https://api.spotify.com/v1/audio-analysis/2PzILjPsqUGf0U5LNQGKK2,224888,4,Bounce,Bounce,2005-08-28,1JErH07FycRoE6SkF0KgyQ
91,0.63,0.812,8,-6.386,1,0.13,0.0716,0.000111,0.24,0.751,178.963,audio_features,6oz2gPZoHZZ3FqZQiop67E,spotify:track:6oz2gPZoHZZ3FqZQiop67E,https://api.spotify.com/v1/tracks/6oz2gPZoHZZ3FqZQiop67E,https://api.spotify.com/v1/audio-analysis/6oz2gPZoHZZ3FqZQiop67E,225019,4,Bounce - Pacifique,Bounce,2005-08-28,1JErH07FycRoE6SkF0KgyQ
92,0.693,0.718,7,-6.307,1,0.0807,0.0336,0.000134,0.0712,0.559,94.024,audio_features,56Ir6BTOmSvculX2UIXuJn,spotify:track:56Ir6BTOmSvculX2UIXuJn,https://api.spotify.com/v1/tracks/56Ir6BTOmSvculX2UIXuJn,https://api.spotify.com/v1/audio-analysis/56Ir6BTOmSvculX2UIXuJn,222589,4,Bounce - Ozinga,Bounce,2005-08-28,1JErH07FycRoE6SkF0KgyQ
93,0.635,0.916,10,-5.521,0,0.0564,0.0605,1.19e-05,0.406,0.311,99.976,audio_features,4hz8vLHUHrnLZ9uX9y34hy,spotify:track:4hz8vLHUHrnLZ9uX9y34hy,https://api.spotify.com/v1/tracks/4hz8vLHUHrnLZ9uX9y34hy,https://api.spotify.com/v1/audio-analysis/4hz8vLHUHrnLZ9uX9y34hy,232856,4,I Wanna Hear Love Speak (Shhh) - DkEvrim,Bounce,2005-08-28,1JErH07FycRoE6SkF0KgyQ
94,0.516,0.847,7,-7.105,1,0.0666,0.0183,0.000969,0.382,0.573,179.004,audio_features,6FZ02qQwIrgB9fNBEk4z0C,spotify:track:6FZ02qQwIrgB9fNBEk4z0C,https://api.spotify.com/v1/tracks/6FZ02qQwIrgB9fNBEk4z0C,https://api.spotify.com/v1/audio-analysis/6FZ02qQwIrgB9fNBEk4z0C,260598,4,Bounce - Kerim & DkEvrim,Bounce,2005-08-28,1JErH07FycRoE6SkF0KgyQ
95,0.707,0.842,10,-7.126,0,0.074,0.105,0.0,0.134,0.776,100.029,audio_features,1sPmpdW01uIDc0bfv4NMBH,spotify:track:1sPmpdW01uIDc0bfv4NMBH,https://api.spotify.com/v1/tracks/1sPmpdW01uIDc0bfv4NMBH,https://api.spotify.com/v1/audio-analysis/1sPmpdW01uIDc0bfv4NMBH,215275,4,I Wanna Hear Love Speak (Shhh),Bounce,2005-08-28,1JErH07FycRoE6SkF0KgyQ
96,0.599,0.84,7,-5.474,1,0.101,0.0795,0.000411,0.395,0.653,179.107,audio_features,3eqixhsQKhGIhJz01JQmJa,spotify:track:3eqixhsQKhGIhJz01JQmJa,https://api.spotify.com/v1/tracks/3eqixhsQKhGIhJz01JQmJa,https://api.spotify.com/v1/audio-analysis/3eqixhsQKhGIhJz01JQmJa,225123,4,Bounce - N.Y - L. A,Bounce,2005-08-28,1JErH07FycRoE6SkF0KgyQ
97,0.707,0.864,4,-7.053,0,0.0463,0.0289,2.02e-05,0.0331,0.92,90.998,audio_features,15xj7p5uDk9sDnNbQtgZ8Y,spotify:track:15xj7p5uDk9sDnNbQtgZ8Y,https://api.spotify.com/v1/tracks/15xj7p5uDk9sDnNbQtgZ8Y,https://api.spotify.com/v1/audio-analysis/15xj7p5uDk9sDnNbQtgZ8Y,277917,4,Dudu,Dudu,2003-06-20,7iAF2p1sEHQ6ixJHRdiTXn
98,0.738,0.765,2,-8.724,1,0.145,0.153,0.000127,0.184,0.551,159.981,audio_features,5JzWOB2ZpLjiFDGpbD68lB,spotify:track:5JzWOB2ZpLjiFDGpbD68lB,https://api.spotify.com/v1/tracks/5JzWOB2ZpLjiFDGpbD68lB,https://api.spotify.com/v1/audio-analysis/5JzWOB2ZpLjiFDGpbD68lB,269322,4,Bu Şarkılarda Olmasa,Dudu,2003-06-20,7iAF2p1sEHQ6ixJHRdiTXn
99,0.733,0.909,4,-7.057,0,0.0487,0.129,0.000626,0.0585,0.851,119.994,audio_features,7qAygdKAINgN0spGCqsSS1,spotify:track:7qAygdKAINgN0spGCqsSS1,https://api.spotify.com/v1/tracks/7qAygdKAINgN0spGCqsSS1,https://api.spotify.com/v1/audio-analysis/7qAygdKAINgN0spGCqsSS1,229486,4,Gülümse Kaderine,Dudu,2003-06-20,7iAF2p1sEHQ6ixJHRdiTXn
100,0.426,0.401,10,-11.25,0,0.0491,0.671,0.00588,0.0833,0.213,104.139,audio_features,582bivPB2I428yWw0TSTGf,spotify:track:582bivPB2I428yWw0TSTGf,https://api.spotify.com/v1/tracks/582bivPB2I428yWw0TSTGf,https://api.spotify.com/v1/audio-analysis/582bivPB2I428yWw0TSTGf,276872,4,Sorma Kalbim,Dudu,2003-06-20,7iAF2p1sEHQ6ixJHRdiTXn
101,0.645,0.337,5,-11.922,1,0.0392,0.839,0.0,0.186,0.23,108.198,audio_features,22fp2v8cOMgIRoqd3dv5E5,spotify:track:22fp2v8cOMgIRoqd3dv5E5,https://api.spotify.com/v1/tracks/22fp2v8cOMgIRoqd3dv5E5,https://api.spotify.com/v1/audio-analysis/22fp2v8cOMgIRoqd3dv5E5,298945,4,Uzun İnce Bir Yoldayım,Dudu,2003-06-20,7iAF2p1sEHQ6ixJHRdiTXn
102,0.761,0.878,4,-6.064,0,0.0523,0.0772,6.91e-05,0.0418,0.869,91.01,audio_features,1gTDFtxYgk5CSRwHpdvHeQ,spotify:track:1gTDFtxYgk5CSRwHpdvHeQ,https://api.spotify.com/v1/tracks/1gTDFtxYgk5CSRwHpdvHeQ,https://api.spotify.com/v1/audio-analysis/1gTDFtxYgk5CSRwHpdvHeQ,292937,4,Dudu - Ozan Çolakoğlu Remix,Dudu,2003-06-20,7iAF2p1sEHQ6ixJHRdiTXn
103,0.785,0.869,4,-6.267,0,0.0544,0.055,0.00615,0.13,0.656,125.011,audio_features,6tdcnBtIfquXcTCjdJeK5w,spotify:track:6tdcnBtIfquXcTCjdJeK5w,https://api.spotify.com/v1/tracks/6tdcnBtIfquXcTCjdJeK5w,https://api.spotify.com/v1/audio-analysis/6tdcnBtIfquXcTCjdJeK5w,319660,4,Gülümse Kaderine - Remix,Dudu,2003-06-20,7iAF2p1sEHQ6ixJHRdiTXn
104,0.703,0.725,2,-8.847,0,0.0498,0.179,0.00484,0.114,0.497,160.012,audio_features,2dXJDY22tcWeJ7FlZsfxA9,spotify:track:2dXJDY22tcWeJ7FlZsfxA9,https://api.spotify.com/v1/tracks/2dXJDY22tcWeJ7FlZsfxA9,https://api.spotify.com/v1/audio-analysis/2dXJDY22tcWeJ7FlZsfxA9,353776,4,Bu Şarkılarda Olmasa - Remix,Dudu,2003-06-20,7iAF2p1sEHQ6ixJHRdiTXn
105,0.807,0.778,2,-8.905,1,0.107,0.0515,0.0,0.0952,0.797,91.023,audio_features,73bq5IwZor5oVw24VyCMyI,spotify:track:73bq5IwZor5oVw24VyCMyI,https://api.spotify.com/v1/tracks/73bq5IwZor5oVw24VyCMyI,https://api.spotify.com/v1/audio-analysis/73bq5IwZor5oVw24VyCMyI,236042,4,Dudu - Özgür Buldum Remix,Dudu,2003-06-20,7iAF2p1sEHQ6ixJHRdiTXn
106,0.625,0.595,11,-10.017,0,0.0437,0.706,0.00222,0.197,0.39,99.978,audio_features,6tFlirgIgbmBEBUznfjM7x,spotify:track:6tFlirgIgbmBEBUznfjM7x,https://api.spotify.com/v1/tracks/6tFlirgIgbmBEBUznfjM7x,https://api.spotify.com/v1/audio-analysis/6tFlirgIgbmBEBUznfjM7x,296620,4,Gülümse Kaderine - Murat Matthew Erdem Remix,Dudu,2003-06-20,7iAF2p1sEHQ6ixJHRdiTXn
107,0.785,0.918,2,-6.115,1,0.0518,0.00066,0.137,0.286,0.52,124.993,audio_features,5INiFS3GQFS7Q0hQnXcBWE,spotify:track:5INiFS3GQFS7Q0hQnXcBWE,https://api.spotify.com/v1/tracks/5INiFS3GQFS7Q0hQnXcBWE,https://api.spotify.com/v1/audio-analysis/5INiFS3GQFS7Q0hQnXcBWE,270745,4,Hüp (Ozinga Disco Mix),Hüp (Remix),2001-12-07,65mRgbebDQ3Y6uzeLyN5PA
108,0.719,0.921,7,-6.315,1,0.057,0.0189,0.346,0.108,0.665,124.99,audio_features,7IEYlSXJabwiw1U5SeCtag,spotify:track:7IEYlSXJabwiw1U5SeCtag,https://api.spotify.com/v1/tracks/7IEYlSXJabwiw1U5SeCtag,https://api.spotify.com/v1/audio-analysis/7IEYlSXJabwiw1U5SeCtag,361906,4,Hüp (Özgür Buldum Mix),Hüp (Remix),2001-12-07,65mRgbebDQ3Y6uzeLyN5PA
109,0.626,0.896,4,-8.079,0,0.0538,0.0475,0.00118,0.175,0.822,105.044,audio_features,3Vy0SbyyV3X2YHlZ6JQoAB,spotify:track:3Vy0SbyyV3X2YHlZ6JQoAB,https://api.spotify.com/v1/tracks/3Vy0SbyyV3X2YHlZ6JQoAB,https://api.spotify.com/v1/audio-analysis/3Vy0SbyyV3X2YHlZ6JQoAB,245760,4,Hüp (Alaturka),Hüp (Remix),2001-12-07,65mRgbebDQ3Y6uzeLyN5PA
110,0.872,0.949,4,-9.474,0,0.0943,0.0478,0.75,0.092,0.281,127.008,audio_features,0Ysa7mDluSFqCpjGkTdLvh,spotify:track:0Ysa7mDluSFqCpjGkTdLvh,https://api.spotify.com/v1/tracks/0Ysa7mDluSFqCpjGkTdLvh,https://api.spotify.com/v1/audio-analysis/0Ysa7mDluSFqCpjGkTdLvh,326240,4,Hüp (Orient Dub Mix),Hüp (Remix),2001-12-07,65mRgbebDQ3Y6uzeLyN5PA
111,0.742,0.943,9,-7.448,0,0.0797,0.0232,0.00901,0.234,0.874,127.966,audio_features,1gpL2sv0jPmSRJWEwdTc6Q,spotify:track:1gpL2sv0jPmSRJWEwdTc6Q,https://api.spotify.com/v1/tracks/1gpL2sv0jPmSRJWEwdTc6Q,https://api.spotify.com/v1/audio-analysis/1gpL2sv0jPmSRJWEwdTc6Q,217525,4,Hüp (İlterocktive Mix),Hüp (Remix),2001-12-07,65mRgbebDQ3Y6uzeLyN5PA
112,0.72,0.884,7,-7.022,1,0.11,0.0109,0.05,0.396,0.513,132.014,audio_features,5rRkUt0cOBTdzh2IWxm4t4,spotify:track:5rRkUt0cOBTdzh2IWxm4t4,https://api.spotify.com/v1/tracks/5rRkUt0cOBTdzh2IWxm4t4,https://api.spotify.com/v1/audio-analysis/5rRkUt0cOBTdzh2IWxm4t4,447913,4,Hüp (Kıvanch K Mix),Hüp (Remix),2001-12-07,65mRgbebDQ3Y6uzeLyN5PA
113,0.72,0.903,9,-8.563,0,0.0516,0.2,0.00061,0.301,0.868,111.947,audio_features,1pwT7xNHdCX6EznvWFB8KN,spotify:track:1pwT7xNHdCX6EznvWFB8KN,https://api.spotify.com/v1/tracks/1pwT7xNHdCX6EznvWFB8KN,https://api.spotify.com/v1/audio-analysis/1pwT7xNHdCX6EznvWFB8KN,220961,4,Hüp (Orjinal Versiyon),Hüp (Remix),2001-12-07,65mRgbebDQ3Y6uzeLyN5PA
114,0.739,0.847,4,-10.774,0,0.0671,0.0303,0.119,0.0715,0.529,119.999,audio_features,43H09DnlVUsJetBjowdlEa,spotify:track:43H09DnlVUsJetBjowdlEa,https://api.spotify.com/v1/tracks/43H09DnlVUsJetBjowdlEa,https://api.spotify.com/v1/audio-analysis/43H09DnlVUsJetBjowdlEa,290157,4,Hüp (Ozan Doğulu Mix),Hüp (Remix),2001-12-07,65mRgbebDQ3Y6uzeLyN5PA
115,0.702,0.874,4,-8.655,0,0.052,0.0232,0.00517,0.0552,0.703,93.913,audio_features,5EgYSnOYYnIEd74hxuGOTE,spotify:track:5EgYSnOYYnIEd74hxuGOTE,https://api.spotify.com/v1/tracks/5EgYSnOYYnIEd74hxuGOTE,https://api.spotify.com/v1/audio-analysis/5EgYSnOYYnIEd74hxuGOTE,233200,4,Kuzu Kuzu,Kuzu Kuzu,2001-01-25,32fmr8WaoHl7XJXnlzyVyX
116,0.629,0.931,4,-8.508,0,0.0562,0.0847,0.212,0.266,0.658,93.997,audio_features,2Cmv5zEDvUKPswpir2Oo9l,spotify:track:2Cmv5zEDvUKPswpir2Oo9l,https://api.spotify.com/v1/tracks/2Cmv5zEDvUKPswpir2Oo9l,https://api.spotify.com/v1/audio-analysis/2Cmv5zEDvUKPswpir2Oo9l,345227,4,Kuzu Kuzu (D Evrim Mix),Kuzu Kuzu,2001-01-25,32fmr8WaoHl7XJXnlzyVyX
117,0.782,0.725,4,-8.677,0,0.0675,0.000689,0.123,0.0493,0.575,125.025,audio_features,290wSwap7fAmf6GvYLeSTy,spotify:track:290wSwap7fAmf6GvYLeSTy,https://api.spotify.com/v1/tracks/290wSwap7fAmf6GvYLeSTy,https://api.spotify.com/v1/audio-analysis/290wSwap7fAmf6GvYLeSTy,515493,4,Kuzu Kuzu (Kıvanç Mix),Kuzu Kuzu,2001-01-25,32fmr8WaoHl7XJXnlzyVyX
118,0.65,0.804,4,-9.351,0,0.0452,0.00285,0.485,0.15,0.621,139.994,audio_features,2e3FvMLBKtne8xo1Bw9TWQ,spotify:track:2e3FvMLBKtne8xo1Bw9TWQ,https://api.spotify.com/v1/tracks/2e3FvMLBKtne8xo1Bw9TWQ,https://api.spotify.com/v1/audio-analysis/2e3FvMLBKtne8xo1Bw9TWQ,523667,4,Kuzu Kuzu (Ozinga Mix),Kuzu Kuzu,2001-01-25,32fmr8WaoHl7XJXnlzyVyX
119,0.623,0.827,4,-7.378,0,0.155,0.374,0.0,0.0864,0.784,187.94,audio_features,6dcCXXpoqvumthffl42A4t,spotify:track:6dcCXXpoqvumthffl42A4t,https://api.spotify.com/v1/tracks/6dcCXXpoqvumthffl42A4t,https://api.spotify.com/v1/audio-analysis/6dcCXXpoqvumthffl42A4t,218933,4,Kuzu Kuzu (Akustik Version),Kuzu Kuzu,2001-01-25,32fmr8WaoHl7XJXnlzyVyX
120,0.562,0.631,6,-12.081,0,0.0552,0.0177,1.01e-06,0.337,0.647,92.832,audio_features,02AO4xUN8MszyC1j4UpNkr,spotify:track:02AO4xUN8MszyC1j4UpNkr,https://api.spotify.com/v1/tracks/02AO4xUN8MszyC1j4UpNkr,https://api.spotify.com/v1/audio-analysis/02AO4xUN8MszyC1j4UpNkr,262246,4,Aşk,Karma,2001,11KfFiHZxXiBoEq52HAsJi
121,0.685,0.763,11,-6.54,0,0.0839,0.00443,0.000164,0.217,0.418,90.01,audio_features,0oVnsgyHclNnGeEb4hRoYO,spotify:track:0oVnsgyHclNnGeEb4hRoYO,https://api.spotify.com/v1/tracks/0oVnsgyHclNnGeEb4hRoYO,https://api.spotify.com/v1/audio-analysis/0oVnsgyHclNnGeEb4hRoYO,260714,4,Ay,Karma,2001,11KfFiHZxXiBoEq52HAsJi
122,0.705,0.883,4,-8.351,0,0.0508,0.0223,0.00834,0.0526,0.73,93.909,audio_features,3ajYmPDtB3P7JTPQ64Dr7P,spotify:track:3ajYmPDtB3P7JTPQ64Dr7P,https://api.spotify.com/v1/tracks/3ajYmPDtB3P7JTPQ64Dr7P,https://api.spotify.com/v1/audio-analysis/3ajYmPDtB3P7JTPQ64Dr7P,233639,4,Kuzu Kuzu,Karma,2001,11KfFiHZxXiBoEq52HAsJi
123,0.352,0.55,8,-10.967,0,0.0555,0.331,0.00111,0.347,0.495,167.664,audio_features,3nGNWLIX8lu2Dfcdfm2ZNg,spotify:track:3nGNWLIX8lu2Dfcdfm2ZNg,https://api.spotify.com/v1/tracks/3nGNWLIX8lu2Dfcdfm2ZNg,https://api.spotify.com/v1/audio-analysis/3nGNWLIX8lu2Dfcdfm2ZNg,282726,4,Gitti Gideli,Karma,2001,11KfFiHZxXiBoEq52HAsJi
124,0.609,0.889,2,-9.267,0,0.035,0.00827,0.00182,0.0949,0.314,129.861,audio_features,14CP0shsQP6XpWsbJv44Ol,spotify:track:14CP0shsQP6XpWsbJv44Ol,https://api.spotify.com/v1/tracks/14CP0shsQP6XpWsbJv44Ol,https://api.spotify.com/v1/audio-analysis/14CP0shsQP6XpWsbJv44Ol,296726,4,Uzak,Karma,2001,11KfFiHZxXiBoEq52HAsJi
125,0.629,0.412,10,-12.853,0,0.0462,0.0758,6.9e-05,0.177,0.294,135.746,audio_features,6EuN9cqrFJmbyGY3XkP8Hr,spotify:track:6EuN9cqrFJmbyGY3XkP8Hr,https://api.spotify.com/v1/tracks/6EuN9cqrFJmbyGY3XkP8Hr,https://api.spotify.com/v1/audio-analysis/6EuN9cqrFJmbyGY3XkP8Hr,192354,4,Yandım,Karma,2001,11KfFiHZxXiBoEq52HAsJi
126,0.606,0.325,9,-14.018,0,0.0415,0.536,0.0,0.106,0.331,133.892,audio_features,6CX5BhKWCy6xSFWMYGCuPs,spotify:track:6CX5BhKWCy6xSFWMYGCuPs,https://api.spotify.com/v1/tracks/6CX5BhKWCy6xSFWMYGCuPs,https://api.spotify.com/v1/audio-analysis/6CX5BhKWCy6xSFWMYGCuPs,203918,3,O'na Sor,Karma,2001,11KfFiHZxXiBoEq52HAsJi
127,0.727,0.916,9,-7.671,0,0.0527,0.123,0.000319,0.312,0.888,111.981,audio_features,0ZoWRdF0aj5nigXXJZFrNb,spotify:track:0ZoWRdF0aj5nigXXJZFrNb,https://api.spotify.com/v1/tracks/0ZoWRdF0aj5nigXXJZFrNb,https://api.spotify.com/v1/audio-analysis/0ZoWRdF0aj5nigXXJZFrNb,219521,4,Hüp,Karma,2001,11KfFiHZxXiBoEq52HAsJi
128,0.729,0.788,10,-8.301,0,0.0714,0.0352,3.15e-05,0.0969,0.722,91.923,audio_features,0ZJKPGKFJQM9riXJ8TOyiO,spotify:track:0ZJKPGKFJQM9riXJ8TOyiO,https://api.spotify.com/v1/tracks/0ZJKPGKFJQM9riXJ8TOyiO,https://api.spotify.com/v1/audio-analysis/0ZJKPGKFJQM9riXJ8TOyiO,256070,4,Sen Başkasın,Karma,2001,11KfFiHZxXiBoEq52HAsJi
129,0.704,0.782,10,-8.978,0,0.0912,0.0164,1.18e-05,0.0809,0.818,92.843,audio_features,4tDCRZOOyDtWcprhFRXDGG,spotify:track:4tDCRZOOyDtWcprhFRXDGG,https://api.spotify.com/v1/tracks/4tDCRZOOyDtWcprhFRXDGG,https://api.spotify.com/v1/audio-analysis/4tDCRZOOyDtWcprhFRXDGG,264243,4,Taş,Karma,2001,11KfFiHZxXiBoEq52HAsJi
130,0.901,0.81,5,-6.004,0,0.0322,0.252,0.000341,0.0995,0.964,117.901,audio_features,0j4RViMe3bybhRBcYEOWce,spotify:track:0j4RViMe3bybhRBcYEOWce,https://api.spotify.com/v1/tracks/0j4RViMe3bybhRBcYEOWce,https://api.spotify.com/v1/audio-analysis/0j4RViMe3bybhRBcYEOWce,210141,4,Her Nerdeysen,Karma,2001,11KfFiHZxXiBoEq52HAsJi
131,0.614,0.573,5,-10.602,0,0.0424,0.0772,0.00011,0.0873,0.248,127.721,audio_features,0QI33PwGy8T8zhBNaTuLt7,spotify:track:0QI33PwGy8T8zhBNaTuLt7,https://api.spotify.com/v1/tracks/0QI33PwGy8T8zhBNaTuLt7,https://api.spotify.com/v1/audio-analysis/0QI33PwGy8T8zhBNaTuLt7,296287,4,Verme,Karma,2001,11KfFiHZxXiBoEq52HAsJi
132,0.775,0.818,7,-8.687,1,0.164,0.0518,0.0,0.114,0.826,97.06,audio_features,6vEL7E8TGzrxuxbrgdlkLL,spotify:track:6vEL7E8TGzrxuxbrgdlkLL,https://api.spotify.com/v1/tracks/6vEL7E8TGzrxuxbrgdlkLL,https://api.spotify.com/v1/audio-analysis/6vEL7E8TGzrxuxbrgdlkLL,235218,3,Şımarık,Ölürüm Sana,1997,6ebdbUXZn5AURKeRNXqiay
133,0.527,0.681,2,-8.819,0,0.0809,0.388,0.0,0.121,0.602,152.024,audio_features,4EUlFconZYgyS1zLuefhLI,spotify:track:4EUlFconZYgyS1zLuefhLI,https://api.spotify.com/v1/tracks/4EUlFconZYgyS1zLuefhLI,https://api.spotify.com/v1/audio-analysis/4EUlFconZYgyS1zLuefhLI,282819,4,İkimizin Yerine,Ölürüm Sana,1997,6ebdbUXZn5AURKeRNXqiay
134,0.753,0.926,9,-8.485,1,0.103,0.00718,2.28e-06,0.0407,0.79,92.015,audio_features,6nAgxB5x7vlGVVIoWpCwaM,spotify:track:6nAgxB5x7vlGVVIoWpCwaM,https://api.spotify.com/v1/tracks/6nAgxB5x7vlGVVIoWpCwaM,https://api.spotify.com/v1/audio-analysis/6nAgxB5x7vlGVVIoWpCwaM,246457,4,Ölürüm Sana,Ölürüm Sana,1997,6ebdbUXZn5AURKeRNXqiay
135,0.649,0.807,3,-9.757,0,0.135,0.0613,5.05e-06,0.0648,0.761,171.997,audio_features,4PGsEvmwfJwNJJcsw9aaav,spotify:track:4PGsEvmwfJwNJJcsw9aaav,https://api.spotify.com/v1/tracks/4PGsEvmwfJwNJJcsw9aaav,https://api.spotify.com/v1/audio-analysis/4PGsEvmwfJwNJJcsw9aaav,236054,4,Salına Salına Sinsice,Ölürüm Sana,1997,6ebdbUXZn5AURKeRNXqiay
136,0.621,0.529,2,-13.468,0,0.0815,0.108,0.00461,0.135,0.489,140.077,audio_features,3k5ciq1BfMW0LiJ9DUhZl8,spotify:track:3k5ciq1BfMW0LiJ9DUhZl8,https://api.spotify.com/v1/tracks/3k5ciq1BfMW0LiJ9DUhZl8,https://api.spotify.com/v1/audio-analysis/3k5ciq1BfMW0LiJ9DUhZl8,230342,4,Gecenin Ürkek Kanatlarında,Ölürüm Sana,1997,6ebdbUXZn5AURKeRNXqiay
137,0.654,0.747,3,-9.995,0,0.0333,0.000193,0.000617,0.0679,0.412,125.127,audio_features,1969tYmpanCgepRPfF7eTv,spotify:track:1969tYmpanCgepRPfF7eTv,https://api.spotify.com/v1/tracks/1969tYmpanCgepRPfF7eTv,https://api.spotify.com/v1/audio-analysis/1969tYmpanCgepRPfF7eTv,323454,4,Kır Zincirleri,Ölürüm Sana,1997,6ebdbUXZn5AURKeRNXqiay
138,0.59,0.557,5,-10.858,0,0.0496,0.584,4.28e-06,0.0873,0.388,139.986,audio_features,3kBdY82CtGF2aDBGaNK0NP,spotify:track:3kBdY82CtGF2aDBGaNK0NP,https://api.spotify.com/v1/tracks/3kBdY82CtGF2aDBGaNK0NP,https://api.spotify.com/v1/audio-analysis/3kBdY82CtGF2aDBGaNK0NP,339011,4,İnci Tanem,Ölürüm Sana,1997,6ebdbUXZn5AURKeRNXqiay
139,0.698,0.828,1,-6.083,0,0.0733,0.208,2.24e-06,0.0535,0.746,131.951,audio_features,1LvzuAvYXMX4vO8KWlvID4,spotify:track:1LvzuAvYXMX4vO8KWlvID4,https://api.spotify.com/v1/tracks/1LvzuAvYXMX4vO8KWlvID4,https://api.spotify.com/v1/audio-analysis/1LvzuAvYXMX4vO8KWlvID4,251890,4,Başına Bela Olurum,Ölürüm Sana,1997,6ebdbUXZn5AURKeRNXqiay
140,0.576,0.78,6,-8.464,1,0.0714,0.0172,1.82e-06,0.0424,0.702,169.921,audio_features,3R65zQiKcu5yXbreuyiz6c,spotify:track:3R65zQiKcu5yXbreuyiz6c,https://api.spotify.com/v1/tracks/3R65zQiKcu5yXbreuyiz6c,https://api.spotify.com/v1/audio-analysis/3R65zQiKcu5yXbreuyiz6c,328144,4,Unut Beni,Ölürüm Sana,1997,6ebdbUXZn5AURKeRNXqiay
141,0.672,0.865,2,-6.108,1,0.0523,0.121,1.13e-06,0.0761,0.952,145.983,audio_features,01KPtVGQTVobXGfjl6Pj29,spotify:track:01KPtVGQTVobXGfjl6Pj29,https://api.spotify.com/v1/tracks/01KPtVGQTVobXGfjl6Pj29,https://api.spotify.com/v1/audio-analysis/01KPtVGQTVobXGfjl6Pj29,223515,4,Delikanlı Çağlarım,Ölürüm Sana,1997,6ebdbUXZn5AURKeRNXqiay
142,0.261,0.208,0,-13.48,0,0.0337,0.68,9.01e-06,0.1,0.12,73.645,audio_features,5z9S7z6fozf7pCXdlcGhiF,spotify:track:5z9S7z6fozf7pCXdlcGhiF,https://api.spotify.com/v1/tracks/5z9S7z6fozf7pCXdlcGhiF,https://api.spotify.com/v1/audio-analysis/5z9S7z6fozf7pCXdlcGhiF,322061,4,Beni Anlama,Ölürüm Sana,1997,6ebdbUXZn5AURKeRNXqiay
143,0.818,0.661,6,-12.029,0,0.0672,0.0563,2.48e-05,0.0514,0.876,91.005,audio_features,72QQfTR5KfRJbVxaDrSmWO,spotify:track:72QQfTR5KfRJbVxaDrSmWO,https://api.spotify.com/v1/tracks/72QQfTR5KfRJbVxaDrSmWO,https://api.spotify.com/v1/audio-analysis/72QQfTR5KfRJbVxaDrSmWO,232014,4,Hepsi Senin Mi?,Aacayipsin,1994,06EBiLh3V0q2dOUdXnic7e
144,0.38,0.462,2,-14.249,0,0.105,0.651,0.0,0.0856,0.568,175.984,audio_features,5CWooAhSbc6YaPrA6sNidV,spotify:track:5CWooAhSbc6YaPrA6sNidV,https://api.spotify.com/v1/tracks/5CWooAhSbc6YaPrA6sNidV,https://api.spotify.com/v1/audio-analysis/5CWooAhSbc6YaPrA6sNidV,285931,4,Dön Bebeğim,Aacayipsin,1994,06EBiLh3V0q2dOUdXnic7e
145,0.739,0.466,5,-12.414,0,0.049,0.121,7.57e-05,0.0846,0.687,126.015,audio_features,6LyaBN8hOVQfeFdmJvcx5e,spotify:track:6LyaBN8hOVQfeFdmJvcx5e,https://api.spotify.com/v1/tracks/6LyaBN8hOVQfeFdmJvcx5e,https://api.spotify.com/v1/audio-analysis/6LyaBN8hOVQfeFdmJvcx5e,313794,4,Şeytan Azapta,Aacayipsin,1994,06EBiLh3V0q2dOUdXnic7e
146,0.528,0.184,11,-22.911,0,0.0357,0.462,7.39e-05,0.341,0.191,104.933,audio_features,2pRzWwuzJAOe37MSNNIa6q,spotify:track:2pRzWwuzJAOe37MSNNIa6q,https://api.spotify.com/v1/tracks/2pRzWwuzJAOe37MSNNIa6q,https://api.spotify.com/v1/audio-analysis/2pRzWwuzJAOe37MSNNIa6q,323408,4,Bekle,Aacayipsin,1994,06EBiLh3V0q2dOUdXnic7e
147,0.559,0.695,10,-14.846,0,0.0651,0.123,0.0,0.0535,0.537,95.957,audio_features,0sCxx5ypw4DBjf0ScTA2En,spotify:track:0sCxx5ypw4DBjf0ScTA2En,https://api.spotify.com/v1/tracks/0sCxx5ypw4DBjf0ScTA2En,https://api.spotify.com/v1/audio-analysis/0sCxx5ypw4DBjf0ScTA2En,249615,4,Eyvah,Aacayipsin,1994,06EBiLh3V0q2dOUdXnic7e
148,0.652,0.706,11,-13.407,0,0.0436,0.0158,0.0,0.0843,0.892,91.024,audio_features,1tiIKelgeYVi1KcylVnZdq,spotify:track:1tiIKelgeYVi1KcylVnZdq,https://api.spotify.com/v1/tracks/1tiIKelgeYVi1KcylVnZdq,https://api.spotify.com/v1/audio-analysis/1tiIKelgeYVi1KcylVnZdq,235172,4,Kış Güneşi,Aacayipsin,1994,06EBiLh3V0q2dOUdXnic7e
149,0.466,0.315,0,-15.206,0,0.0901,0.645,0.0,0.0463,0.386,137.462,audio_features,5ICjVGmMFFiN52QoLo1H8U,spotify:track:5ICjVGmMFFiN52QoLo1H8U,https://api.spotify.com/v1/tracks/5ICjVGmMFFiN52QoLo1H8U,https://api.spotify.com/v1/audio-analysis/5ICjVGmMFFiN52QoLo1H8U,322014,4,Unutmamalı,Aacayipsin,1994,06EBiLh3V0q2dOUdXnic7e
150,0.67,0.64,7,-12.749,1,0.0312,0.104,0.0,0.14,0.965,150.034,audio_features,2v57dbjigdKRh7MY6ME3WB,spotify:track:2v57dbjigdKRh7MY6ME3WB,https://api.spotify.com/v1/tracks/2v57dbjigdKRh7MY6ME3WB,https://api.spotify.com/v1/audio-analysis/2v57dbjigdKRh7MY6ME3WB,249475,4,Gül Döktüm Yollarına,Aacayipsin,1994,06EBiLh3V0q2dOUdXnic7e
151,0.416,0.385,7,-13.509,0,0.162,0.609,0.0,0.096,0.525,189.616,audio_features,3yAoizL2puLvPxckwBiwEl,spotify:track:3yAoizL2puLvPxckwBiwEl,https://api.spotify.com/v1/tracks/3yAoizL2puLvPxckwBiwEl,https://api.spotify.com/v1/audio-analysis/3yAoizL2puLvPxckwBiwEl,213716,4,Durum Beter,Aacayipsin,1994,06EBiLh3V0q2dOUdXnic7e
152,0.533,0.167,6,-16.514,0,0.0314,0.813,2e-05,0.194,0.309,98.041,audio_features,31YrgRb0mxOl56oFrrocQB,spotify:track:31YrgRb0mxOl56oFrrocQB,https://api.spotify.com/v1/tracks/31YrgRb0mxOl56oFrrocQB,https://api.spotify.com/v1/audio-analysis/31YrgRb0mxOl56oFrrocQB,277664,5,Gitme,Aacayipsin,1994,06EBiLh3V0q2dOUdXnic7e
153,0.666,0.701,8,-15.536,1,0.0404,0.0246,0.00061,0.136,0.669,108.023,audio_features,2LvrEuuIKQQJwKOrlaJ1os,spotify:track:2LvrEuuIKQQJwKOrlaJ1os,https://api.spotify.com/v1/tracks/2LvrEuuIKQQJwKOrlaJ1os,https://api.spotify.com/v1/audio-analysis/2LvrEuuIKQQJwKOrlaJ1os,317417,4,Seviş Benimle,Aacayipsin,1994,06EBiLh3V0q2dOUdXnic7e
154,0.524,0.507,5,-15.19,1,0.0377,0.00213,6.11e-06,0.0347,0.33,145.97,audio_features,2X8W9NOPJkIljvMFLlpOuE,spotify:track:2X8W9NOPJkIljvMFLlpOuE,https://api.spotify.com/v1/tracks/2X8W9NOPJkIljvMFLlpOuE,https://api.spotify.com/v1/audio-analysis/2X8W9NOPJkIljvMFLlpOuE,301070,4,Biz Nereye?,Aacayipsin,1994,06EBiLh3V0q2dOUdXnic7e
155,0.762,0.573,9,-14.317,0,0.0475,0.0171,0.000111,0.0646,0.756,122.028,audio_features,3bXtzf7GxPZCHxbXrgT5Qz,spotify:track:3bXtzf7GxPZCHxbXrgT5Qz,https://api.spotify.com/v1/tracks/3bXtzf7GxPZCHxbXrgT5Qz,https://api.spotify.com/v1/audio-analysis/3bXtzf7GxPZCHxbXrgT5Qz,252160,4,Kıl Oldum,Yine Sensiz,1993-06-21,0YOydqfSNpVbmqFudMDm73
156,0.653,0.626,1,-14.11,0,0.0324,0.00551,0.00188,0.109,0.496,107.024,audio_features,4sQeKxEHdBDe1AOPJ25gyd,spotify:track:4sQeKxEHdBDe1AOPJ25gyd,https://api.spotify.com/v1/tracks/4sQeKxEHdBDe1AOPJ25gyd,https://api.spotify.com/v1/audio-analysis/4sQeKxEHdBDe1AOPJ25gyd,263307,4,Kimdi?,Yine Sensiz,1993-06-21,0YOydqfSNpVbmqFudMDm73
157,0.45,0.399,9,-12.515,0,0.0404,0.212,0.0,0.114,0.496,171.756,audio_features,472AROAKru40bPRS7Bif4c,spotify:track:472AROAKru40bPRS7Bif4c,https://api.spotify.com/v1/tracks/472AROAKru40bPRS7Bif4c,https://api.spotify.com/v1/audio-analysis/472AROAKru40bPRS7Bif4c,254533,4,Söz Verdim,Yine Sensiz,1993-06-21,0YOydqfSNpVbmqFudMDm73
158,0.629,0.678,2,-12.335,1,0.0497,0.00654,0.000282,0.091,0.694,118.916,audio_features,4zGaCrwxiRRkbSy0uWdidd,spotify:track:4zGaCrwxiRRkbSy0uWdidd,https://api.spotify.com/v1/tracks/4zGaCrwxiRRkbSy0uWdidd,https://api.spotify.com/v1/audio-analysis/4zGaCrwxiRRkbSy0uWdidd,226800,4,Gelipte Halimi Gördün Mü?,Yine Sensiz,1993-06-21,0YOydqfSNpVbmqFudMDm73
159,0.308,0.292,6,-12.919,0,0.0326,0.333,0.0,0.12,0.303,92.443,audio_features,5KLVFCdUKVlYAEUXUOnUaE,spotify:track:5KLVFCdUKVlYAEUXUOnUaE,https://api.spotify.com/v1/tracks/5KLVFCdUKVlYAEUXUOnUaE,https://api.spotify.com/v1/audio-analysis/5KLVFCdUKVlYAEUXUOnUaE,204600,4,Sarıl Bana,Yine Sensiz,1993-06-21,0YOydqfSNpVbmqFudMDm73
160,0.541,0.566,7,-10.912,1,0.0359,0.135,0.0,0.26,0.789,202.028,audio_features,6DW4YsC3QtsQblsrQySa5S,spotify:track:6DW4YsC3QtsQblsrQySa5S,https://api.spotify.com/v1/tracks/6DW4YsC3QtsQblsrQySa5S,https://api.spotify.com/v1/audio-analysis/6DW4YsC3QtsQblsrQySa5S,164560,4,Oldu Canım Ara Beni,Yine Sensiz,1993-06-21,0YOydqfSNpVbmqFudMDm73
161,0.632,0.202,5,-13.918,1,0.0303,0.745,0.000284,0.0844,0.306,137.956,audio_features,1wwWRYPGIK5Hv0TfgQ2341,spotify:track:1wwWRYPGIK5Hv0TfgQ2341,https://api.spotify.com/v1/tracks/1wwWRYPGIK5Hv0TfgQ2341,https://api.spotify.com/v1/audio-analysis/1wwWRYPGIK5Hv0TfgQ2341,269107,4,Vazgeçemem,Yine Sensiz,1993-06-21,0YOydqfSNpVbmqFudMDm73
162,0.744,0.586,2,-14.532,1,0.0449,0.0329,0.000644,0.0731,0.69,110.014,audio_features,1IQCtTIv8U3kFvUNI2vlQC,spotify:track:1IQCtTIv8U3kFvUNI2vlQC,https://api.spotify.com/v1/tracks/1IQCtTIv8U3kFvUNI2vlQC,https://api.spotify.com/v1/audio-analysis/1IQCtTIv8U3kFvUNI2vlQC,284360,4,Çok Ararsın Beni,Yine Sensiz,1993-06-21,0YOydqfSNpVbmqFudMDm73
163,0.416,0.561,11,-12.296,0,0.0362,0.0797,0.0,0.0832,0.48,168.127,audio_features,2B5oTvsDbASbjbcMMdvqQT,spotify:track:2B5oTvsDbASbjbcMMdvqQT,https://api.spotify.com/v1/tracks/2B5oTvsDbASbjbcMMdvqQT,https://api.spotify.com/v1/audio-analysis/2B5oTvsDbASbjbcMMdvqQT,305307,4,Selam Ver,Yine Sensiz,1993-06-21,0YOydqfSNpVbmqFudMDm73
164,0.679,0.747,2,-11.121,1,0.0394,0.0157,5.2e-06,0.102,0.877,117.982,audio_features,0YufYoSnjoCaDdJ7wtVgWo,spotify:track:0YufYoSnjoCaDdJ7wtVgWo,https://api.spotify.com/v1/tracks/0YufYoSnjoCaDdJ7wtVgWo,https://api.spotify.com/v1/audio-analysis/0YufYoSnjoCaDdJ7wtVgWo,188560,4,Yetti Artık,Yine Sensiz,1993-06-21,0YOydqfSNpVbmqFudMDm73
165,0.406,0.197,10,-17.509,0,0.0315,0.396,0.35,0.19,0.105,143.923,audio_features,70QxVBD8KvB2qCZGlfPtLE,spotify:track:70QxVBD8KvB2qCZGlfPtLE,https://api.spotify.com/v1/tracks/70QxVBD8KvB2qCZGlfPtLE,https://api.spotify.com/v1/audio-analysis/70QxVBD8KvB2qCZGlfPtLE,315707,4,Yine Sensiz,Yine Sensiz,1993-06-21,0YOydqfSNpVbmqFudMDm73
166,0.606,0.793,4,-12.711,0,0.0524,0.0368,0.739,0.197,0.207,135.977,audio_features,2kjH1sNLwdcAZWIKqzYEh4,spotify:track:2kjH1sNLwdcAZWIKqzYEh4,https://api.spotify.com/v1/tracks/2kjH1sNLwdcAZWIKqzYEh4,https://api.spotify.com/v1/audio-analysis/2kjH1sNLwdcAZWIKqzYEh4,359267,4,Kıl Oldum*(Mix),Yine Sensiz,1993-06-21,0YOydqfSNpVbmqFudMDm73
167,0.495,0.691,11,-12.357,0,0.0371,0.00341,0.0129,0.0891,0.116,95.997,audio_features,3Pe3kgEcTK5YWq77GgPV69,spotify:track:3Pe3kgEcTK5YWq77GgPV69,https://api.spotify.com/v1/tracks/3Pe3kgEcTK5YWq77GgPV69,https://api.spotify.com/v1/audio-analysis/3Pe3kgEcTK5YWq77GgPV69,413533,4,Kimdi*(Mix),Yine Sensiz,1993-06-21,0YOydqfSNpVbmqFudMDm73
168,0.605,0.703,2,-11.541,1,0.0625,0.0254,0.00107,0.222,0.364,121.079,audio_features,5p5Ei2hBSl8BdOGwSNSUit,spotify:track:5p5Ei2hBSl8BdOGwSNSUit,https://api.spotify.com/v1/tracks/5p5Ei2hBSl8BdOGwSNSUit,https://api.spotify.com/v1/audio-analysis/5p5Ei2hBSl8BdOGwSNSUit,356227,4,Çok Ararsın Beni*(Mix),Yine Sensiz,1993-06-21,0YOydqfSNpVbmqFudMDm73
